{ 
    "restartPoint": {},
    "restartBot": {},
    "userAgent": {},
    "keyCommand": "",
    "autoAdd": false,
    "autoJoin": false,
    "autoReject": false,
    "autoLeave": true,
    "autoRead": false,
    "server": {},
    "Videos":{},
    "changePicture": false,
    "changeGroupPicture": false,
    "autoJoinTicket": false,
    "SpamInvite":false,
    "Img": {},
    "Images": {},
    "Addimage": false,
    "EntogAdmin": {},
    "Entogfoto": {},
    "Entogadmin": false,
    "Entogstaff": false,
    "Entogadmin": false,
    "Entogstaff": false,
    "EntogStaff": {},
    "Entogautojoin": true,
    "Entogautoread": false,
    "Entogautoscan": false,
    "Entogblacklist": {},
    "Entogdblacklist": false,
    "RAfoto": {},
    "EntogBots": {},
    "Entoglimit": 1,
    "Entogmessage": "Hallo...",
    "Entogmessage1": "Entog Speed Bots",
    "Entogprotcancel": {},
    "Entogprotinvite": {},
    "Entogprotkick": {},
    "Entogprotqr": {},
    "Entogbot": {},
    "EntogLbot": false,
    "EntogreadMember": {},
    "EntogreadPoint": {},
    "Entogwblacklist": false
}
